<arrayDeque>
  <Vehicle>
    <id>1</id>
    <name>Лада-Седан Баклажан</name>
    <coordinates>
      <x>-12012</x>
      <y>21212.0</y>
    </coordinates>
    <creationDate>2024-04-17T17:37:28.024011</creationDate>
    <enginePower>2121.0</enginePower>
    <numberOfWheels>2121</numberOfWheels>
    <fuelConsumption>21.0</fuelConsumption>
    <fuelType>DIESEL</fuelType>
  </Vehicle>
  <Vehicle>
    <id>2</id>
    <name>DAEWOO KALOS</name>
    <coordinates>
      <x>565</x>
      <y>1.0</y>
    </coordinates>
    <creationDate>2024-04-25T22:19:27.752314</creationDate>
    <enginePower>1.0</enginePower>
    <numberOfWheels>1</numberOfWheels>
    <fuelConsumption>1.0</fuelConsumption>
    <fuelType>ELECTRICITY</fuelType>
  </Vehicle>
  <Vehicle>
    <id>3</id>
    <name>KIA Cerata</name>
    <coordinates>
      <x>1</x>
      <y>1.0</y>
    </coordinates>
    <creationDate>2024-04-25T22:20:09.202818</creationDate>
    <enginePower>1.0</enginePower>
    <numberOfWheels>1</numberOfWheels>
    <fuelConsumption>1.0</fuelConsumption>
    <fuelType>ELECTRICITY</fuelType>
  </Vehicle>
  <Vehicle>
    <id>5</id>
    <name>Синий трактор</name>
    <coordinates>
      <x>12</x>
      <y>21.0</y>
    </coordinates>
    <creationDate>2024-04-26T22:09:17.266421</creationDate>
    <enginePower>1.1212121212E10</enginePower>
    <numberOfWheels>12</numberOfWheels>
    <fuelConsumption>2.121212121212121E10</fuelConsumption>
    <fuelType>ALCOHOL</fuelType>
  </Vehicle>
  <Vehicle>
    <id>4</id>
    <name>Пешколет</name>
    <coordinates>
      <x>123</x>
      <y>1.21212E8</y>
    </coordinates>
    <creationDate>2024-04-26T22:10:19.24382</creationDate>
    <enginePower>1.0</enginePower>
    <numberOfWheels>2</numberOfWheels>
    <fuelConsumption>1.0</fuelConsumption>
  </Vehicle>
  <Vehicle>
    <id>6</id>
    <name>wewe</name>
    <coordinates>
      <x>1</x>
      <y>1.0</y>
    </coordinates>
    <creationDate>2024-09-01T16:36:18.037052</creationDate>
    <enginePower>1.0</enginePower>
    <numberOfWheels>1</numberOfWheels>
    <fuelConsumption>1.0</fuelConsumption>
    <fuelType>ALCOHOL</fuelType>
  </Vehicle>
  <Vehicle>
    <id>7</id>
    <name>борзый конь</name>
    <coordinates>
      <x>1377</x>
      <y>228.0</y>
    </coordinates>
    <creationDate>2024-09-07T23:06:21.834218</creationDate>
    <enginePower>2.029302902032093E15</enginePower>
    <numberOfWheels>4</numberOfWheels>
    <fuelConsumption>21.0</fuelConsumption>
  </Vehicle>
  <collectionInitialization>2024-09-07T23:07:57.387249</collectionInitialization>
</arrayDeque>